{
  "accuracy": 0.9418604651162791,
  "precision": 0.9298245614035088,
  "recall": 0.9814814814814815,
  "f1": 0.954954954954955,
  "epochs_run": 50,
  "stopped_early": false,
  "best_val_accuracy": 0.9882352941176471,
  "best_epoch": 2,
  "train_time_sec": 0.04175290005514398,
  "learning_rate": 0.01
}