{"w": [-0.007854442087127326, -0.000842003809188095, -0.0004918748128144889, 0.006397087940493441, 0.013426297877943574, -0.03131446210229851, 0.021321408352703734, 0.017601213427174703, -0.016795614097227192, 0.004322513314170071, 0.02610987080416788, -0.015645213167371476, 0.007199951139982598, 0.02356235687880911, 0.004866483724777557, -0.006338897931941896, -0.022606277084227838, 0.022158207456140812, -0.010604293141272024, -0.007399822056506139, -0.0013508652903337563, 0.02806523935180476, 0.011990150282226802, 0.0046731774252671094, -0.009853511868740141, -0.009194844944255272, 0.020918025540815354, 0.008501438693023554, 0.02360008220737277, 0.004949331107588601], "b": 0.007, "learning_rate": 0.001, "epochs": 100}