{
  "accuracy": 0.9534883720930233,
  "precision": 0.9807692307692307,
  "recall": 0.9444444444444444,
  "f1": 0.9622641509433962,
  "epochs_run": 5,
  "stopped_early": true,
  "best_val_accuracy": 0.9882352941176471,
  "best_epoch": 1,
  "train_time_sec": 0.003939999965950847,
  "learning_rate": 0.005
}